Workbook

Sheet BLANK
D3: DATE:
C8: Public Patrons | D8: User Group + Coaches | E8: Dry / Spectators | F8: Men's CR Check | G8: Women's CR Check | H8: Staff Initials
B10: 0.21875
B12: =B10 + TIME(0, 15, 0) -> 0.22916667
B14: =B12 + TIME(0, 15, 0) -> 0.23958333
B16: =B14 + TIME(0, 15, 0) -> 0.25
B18: =B16 + TIME(0, 15, 0) -> 0.26041667
B20: =B18 + TIME(0, 15, 0) -> 0.27083333
B22: =B20 + TIME(0, 15, 0) -> 0.28125
B24: =B22 + TIME(0, 15, 0) -> 0.29166667
B26: =B24 + TIME(0, 15, 0) -> 0.30208333
B28: =B26 + TIME(0, 15, 0) -> 0.3125
B30: =B28 + TIME(0, 15, 0) -> 0.32291667
B32: =B30 + TIME(0, 15, 0) -> 0.33333333
B34: =B32 + TIME(0, 15, 0) -> 0.34375
... B70: =B68 + TIME(0, 15, 0) -> 0.53125
C76: Public Patrons | D76: User Group + Coaches | E76: Dry / Spectators | F76: Men's CR Check | G76: Women's CR Check | H76: Staff Initials
B78: 0.54166667
B80: =B78 + TIME(0, 15, 0) -> 0.55208333
B82: =B80 + TIME(0, 15, 0) -> 0.5625
B84: =B82 + TIME(0, 15, 0) -> 0.57291667
B86: =B84 + TIME(0, 15, 0) -> 0.58333333
B88: =B86 + TIME(0, 15, 0) -> 0.59375
B90: =B88 + TIME(0, 15, 0) -> 0.60416667
B92: =B90 + TIME(0, 15, 0) -> 0.61458333
B94: =B92 + TIME(0, 15, 0) -> 0.625
B96: =B94 + TIME(0, 15, 0) -> 0.63541667
B98: =B96 + TIME(0, 15, 0) -> 0.64583333
B100: =B98 + TIME(0, 15, 0) -> 0.65625
B102: =B100 + TIME(0, 15, 0) -> 0.66666667
... B148: =B146 + TIME(0, 15, 0) -> 0.90625

Sheet MASTER
D3: DATE: | E3: MASTER
C8: Public Patrons | D8: User Group + Coaches | E8: Dry / Spectators | F8: Men's CR Check | G8: Women's CR Check | H8: Staff Initials
B10: 0.21875 | C10: =IFERROR(AVERAGE('October 1:Boundary B'!C10),"") | D10: =IFERROR(AVERAGE('October 1:Boundary B'!D10),"") | E10: =IFERROR(AVERAGE('October 1:Boundary B'!E10),"")
B12: =B10 + TIME(0, 15, 0) -> 0.22916667 | C12: =IFERROR(AVERAGE('October 1:Boundary B'!C12),"") | D12: =IFERROR(AVERAGE('October 1:Boundary B'!D12),"") | E12: =IFERROR(AVERAGE('October 1:Boundary B'!E12),"")
B14: =B12 + TIME(0, 15, 0) -> 0.23958333 | C14: =IFERROR(AVERAGE('October 1:Boundary B'!C14),"") | D14: =IFERROR(AVERAGE('October 1:Boundary B'!D14),"") | E14: =IFERROR(AVERAGE('October 1:Boundary B'!E14),"")
B16: =B14 + TIME(0, 15, 0) -> 0.25 | C16: =IFERROR(AVERAGE('October 1:Boundary B'!C16),"") | D16: =IFERROR(AVERAGE('October 1:Boundary B'!D16),"") | E16: =IFERROR(AVERAGE('October 1:Boundary B'!E16),"")
B18: =B16 + TIME(0, 15, 0) -> 0.26041667 | C18: =IFERROR(AVERAGE('October 1:Boundary B'!C18),"") | D18: =IFERROR(AVERAGE('October 1:Boundary B'!D18),"") | E18: =IFERROR(AVERAGE('October 1:Boundary B'!E18),"")
B20: =B18 + TIME(0, 15, 0) -> 0.27083333 | C20: =IFERROR(AVERAGE('October 1:Boundary B'!C20),"") | D20: =IFERROR(AVERAGE('October 1:Boundary B'!D20),"") | E20: =IFERROR(AVERAGE('October 1:Boundary B'!E20),"")
B22: =B20 + TIME(0, 15, 0) -> 0.28125 | C22: =IFERROR(AVERAGE('October 1:Boundary B'!C22),"") | D22: =IFERROR(AVERAGE('October 1:Boundary B'!D22),"") | E22: =IFERROR(AVERAGE('October 1:Boundary B'!E22),"")
B24: =B22 + TIME(0, 15, 0) -> 0.29166667 | C24: =IFERROR(AVERAGE('October 1:Boundary B'!C24),"") | D24: =IFERROR(AVERAGE('October 1:Boundary B'!D24),"") | E24: =IFERROR(AVERAGE('October 1:Boundary B'!E24),"")
B26: =B24 + TIME(0, 15, 0) -> 0.30208333 | C26: =IFERROR(AVERAGE('October 1:Boundary B'!C26),"") | D26: =IFERROR(AVERAGE('October 1:Boundary B'!D26),"") | E26: =IFERROR(AVERAGE('October 1:Boundary B'!E26),"")
B28: =B26 + TIME(0, 15, 0) -> 0.3125 | C28: =IFERROR(AVERAGE('October 1:Boundary B'!C28),"") | D28: =IFERROR(AVERAGE('October 1:Boundary B'!D28),"") | E28: =IFERROR(AVERAGE('October 1:Boundary B'!E28),"")
B30: =B28 + TIME(0, 15, 0) -> 0.32291667 | C30: =IFERROR(AVERAGE('October 1:Boundary B'!C30),"") | D30: =IFERROR(AVERAGE('October 1:Boundary B'!D30),"") | E30: =IFERROR(AVERAGE('October 1:Boundary B'!E30),"")
B32: =B30 + TIME(0, 15, 0) -> 0.33333333 | C32: =IFERROR(AVERAGE('October 1:Boundary B'!C32),"") | D32: =IFERROR(AVERAGE('October 1:Boundary B'!D32),"") | E32: =IFERROR(AVERAGE('October 1:Boundary B'!E32),"")
B34: =B32 + TIME(0, 15, 0) -> 0.34375 | C34: =IFERROR(AVERAGE('October 1:Boundary B'!C34),"") | D34: =IFERROR(AVERAGE('October 1:Boundary B'!D34),"") | E34: =IFERROR(AVERAGE('October 1:Boundary B'!E34),"")
... B70: =B68 + TIME(0, 15, 0) -> 0.53125 | C70: =IFERROR(AVERAGE('October 1:Boundary B'!C70),"") | D70: =IFERROR(AVERAGE('October 1:Boundary B'!D70),"") | E70: =IFERROR(AVERAGE('October 1:Boundary B'!E70),"")
C76: Public Patrons | D76: User Group + Coaches | E76: Dry / Spectators | F76: Men's CR Check | G76: Women's CR Check | H76: Staff Initials
B78: 0.54166667 | C78: =IFERROR(AVERAGE('October 1:Boundary B'!C78),"") | D78: =IFERROR(AVERAGE('October 1:Boundary B'!D78),"") | E78: =IFERROR(AVERAGE('October 1:Boundary B'!E78),"")
B80: =B78 + TIME(0, 15, 0) -> 0.55208333 | C80: =IFERROR(AVERAGE('October 1:Boundary B'!C80),"") | D80: =IFERROR(AVERAGE('October 1:Boundary B'!D80),"") | E80: =IFERROR(AVERAGE('October 1:Boundary B'!E80),"")
B82: =B80 + TIME(0, 15, 0) -> 0.5625 | C82: =IFERROR(AVERAGE('October 1:Boundary B'!C82),"") | D82: =IFERROR(AVERAGE('October 1:Boundary B'!D82),"") | E82: =IFERROR(AVERAGE('October 1:Boundary B'!E82),"")
B84: =B82 + TIME(0, 15, 0) -> 0.57291667 | C84: =IFERROR(AVERAGE('October 1:Boundary B'!C84),"") | D84: =IFERROR(AVERAGE('October 1:Boundary B'!D84),"") | E84: =IFERROR(AVERAGE('October 1:Boundary B'!E84),"")
B86: =B84 + TIME(0, 15, 0) -> 0.58333333 | C86: =IFERROR(AVERAGE('October 1:Boundary B'!C86),"") | D86: =IFERROR(AVERAGE('October 1:Boundary B'!D86),"") | E86: =IFERROR(AVERAGE('October 1:Boundary B'!E86),"")
B88: =B86 + TIME(0, 15, 0) -> 0.59375 | C88: =IFERROR(AVERAGE('October 1:Boundary B'!C88),"") | D88: =IFERROR(AVERAGE('October 1:Boundary B'!D88),"") | E88: =IFERROR(AVERAGE('October 1:Boundary B'!E88),"")
B90: =B88 + TIME(0, 15, 0) -> 0.60416667 | C90: =IFERROR(AVERAGE('October 1:Boundary B'!C90),"") | D90: =IFERROR(AVERAGE('October 1:Boundary B'!D90),"") | E90: =IFERROR(AVERAGE('October 1:Boundary B'!E90),"")
B92: =B90 + TIME(0, 15, 0) -> 0.61458333 | C92: =IFERROR(AVERAGE('October 1:Boundary B'!C92),"") | D92: =IFERROR(AVERAGE('October 1:Boundary B'!D92),"") | E92: =IFERROR(AVERAGE('October 1:Boundary B'!E92),"")
B94: =B92 + TIME(0, 15, 0) -> 0.625 | C94: =IFERROR(AVERAGE('October 1:Boundary B'!C94),"") | D94: =IFERROR(AVERAGE('October 1:Boundary B'!D94),"") | E94: =IFERROR(AVERAGE('October 1:Boundary B'!E94),"")
B96: =B94 + TIME(0, 15, 0) -> 0.63541667 | C96: =IFERROR(AVERAGE('October 1:Boundary B'!C96),"") | D96: =IFERROR(AVERAGE('October 1:Boundary B'!D96),"") | E96: =IFERROR(AVERAGE('October 1:Boundary B'!E96),"")
B98: =B96 + TIME(0, 15, 0) -> 0.64583333 | C98: =IFERROR(AVERAGE('October 1:Boundary B'!C98),"") | D98: =IFERROR(AVERAGE('October 1:Boundary B'!D98),"") | E98: =IFERROR(AVERAGE('October 1:Boundary B'!E98),"")
B100: =B98 + TIME(0, 15, 0) -> 0.65625 | C100: =IFERROR(AVERAGE('October 1:Boundary B'!C100),"") | D100: =IFERROR(AVERAGE('October 1:Boundary B'!D100),"") | E100: =IFERROR(AVERAGE('October 1:Boundary B'!E100),"")
B102: =B100 + TIME(0, 15, 0) -> 0.66666667 | C102: =IFERROR(AVERAGE('October 1:Boundary B'!C102),"") | D102: =IFERROR(AVERAGE('October 1:Boundary B'!D102),"") | E102: =IFERROR(AVERAGE('October 1:Boundary B'!E102),"")
... B148: =B146 + TIME(0, 15, 0) -> 0.90625 | C148: =IFERROR(AVERAGE('October 1:Boundary B'!C148),"") | D148: =IFERROR(AVERAGE('October 1:Boundary B'!D148),"") | E148: =IFERROR(AVERAGE('October 1:Boundary B'!E148),"")

Sheet October 1
D3: DATE: | E3: 46296
C8: Public Patrons | D8: User Group + Coaches | E8: Dry / Spectators | F8: Men's CR Check | G8: Women's CR Check | H8: Staff Initials
B10: 0.21875
B12: =B10 + TIME(0, 15, 0) -> 0.22916667
B14: =B12 + TIME(0, 15, 0) -> 0.23958333
B16: =B14 + TIME(0, 15, 0) -> 0.25
B18: =B16 + TIME(0, 15, 0) -> 0.26041667
B20: =B18 + TIME(0, 15, 0) -> 0.27083333
B22: =B20 + TIME(0, 15, 0) -> 0.28125
B24: =B22 + TIME(0, 15, 0) -> 0.29166667
B26: =B24 + TIME(0, 15, 0) -> 0.30208333
B28: =B26 + TIME(0, 15, 0) -> 0.3125
B30: =B28 + TIME(0, 15, 0) -> 0.32291667
B32: =B30 + TIME(0, 15, 0) -> 0.33333333
B34: =B32 + TIME(0, 15, 0) -> 0.34375
... B70: =B68 + TIME(0, 15, 0) -> 0.53125
C76: Public Patrons | D76: User Group + Coaches | E76: Dry / Spectators | F76: Men's CR Check | G76: Women's CR Check | H76: Staff Initials
B78: 0.54166667
B80: =B78 + TIME(0, 15, 0) -> 0.55208333
B82: =B80 + TIME(0, 15, 0) -> 0.5625
B84: =B82 + TIME(0, 15, 0) -> 0.57291667
B86: =B84 + TIME(0, 15, 0) -> 0.58333333
B88: =B86 + TIME(0, 15, 0) -> 0.59375
B90: =B88 + TIME(0, 15, 0) -> 0.60416667
B92: =B90 + TIME(0, 15, 0) -> 0.61458333
B94: =B92 + TIME(0, 15, 0) -> 0.625
B96: =B94 + TIME(0, 15, 0) -> 0.63541667
B98: =B96 + TIME(0, 15, 0) -> 0.64583333
B100: =B98 + TIME(0, 15, 0) -> 0.65625
B102: =B100 + TIME(0, 15, 0) -> 0.66666667
... B148: =B146 + TIME(0, 15, 0) -> 0.90625

Sheet October 2
D3: DATE: | E3: 46297
C8: Public Patrons | D8: User Group + Coaches | E8: Dry / Spectators | F8: Men's CR Check | G8: Women's CR Check | H8: Staff Initials
B10: 0.21875
B12: =B10 + TIME(0, 15, 0) -> 0.22916667
B14: =B12 + TIME(0, 15, 0) -> 0.23958333
B16: =B14 + TIME(0, 15, 0) -> 0.25
B18: =B16 + TIME(0, 15, 0) -> 0.26041667
B20: =B18 + TIME(0, 15, 0) -> 0.27083333
B22: =B20 + TIME(0, 15, 0) -> 0.28125
B24: =B22 + TIME(0, 15, 0) -> 0.29166667
B26: =B24 + TIME(0, 15, 0) -> 0.30208333
B28: =B26 + TIME(0, 15, 0) -> 0.3125
B30: =B28 + TIME(0, 15, 0) -> 0.32291667
B32: =B30 + TIME(0, 15, 0) -> 0.33333333
B34: =B32 + TIME(0, 15, 0) -> 0.34375
... B70: =B68 + TIME(0, 15, 0) -> 0.53125
C76: Public Patrons | D76: User Group + Coaches | E76: Dry / Spectators | F76: Men's CR Check | G76: Women's CR Check | H76: Staff Initials
B78: 0.54166667
B80: =B78 + TIME(0, 15, 0) -> 0.55208333
B82: =B80 + TIME(0, 15, 0) -> 0.5625
B84: =B82 + TIME(0, 15, 0) -> 0.57291667
B86: =B84 + TIME(0, 15, 0) -> 0.58333333
B88: =B86 + TIME(0, 15, 0) -> 0.59375
B90: =B88 + TIME(0, 15, 0) -> 0.60416667
B92: =B90 + TIME(0, 15, 0) -> 0.61458333
B94: =B92 + TIME(0, 15, 0) -> 0.625
B96: =B94 + TIME(0, 15, 0) -> 0.63541667
B98: =B96 + TIME(0, 15, 0) -> 0.64583333
B100: =B98 + TIME(0, 15, 0) -> 0.65625
B102: =B100 + TIME(0, 15, 0) -> 0.66666667
... B148: =B146 + TIME(0, 15, 0) -> 0.90625

Sheet October 3
D3: DATE: | E3: 46298
C8: Public Patrons | D8: User Group + Coaches | E8: Dry / Spectators | F8: Men's CR Check | G8: Women's CR Check | H8: Staff Initials
B10: 0.21875
B12: =B10 + TIME(0, 15, 0) -> 0.22916667
B14: =B12 + TIME(0, 15, 0) -> 0.23958333
B16: =B14 + TIME(0, 15, 0) -> 0.25
B18: =B16 + TIME(0, 15, 0) -> 0.26041667
B20: =B18 + TIME(0, 15, 0) -> 0.27083333
B22: =B20 + TIME(0, 15, 0) -> 0.28125
B24: =B22 + TIME(0, 15, 0) -> 0.29166667
B26: =B24 + TIME(0, 15, 0) -> 0.30208333
B28: =B26 + TIME(0, 15, 0) -> 0.3125
B30: =B28 + TIME(0, 15, 0) -> 0.32291667
B32: =B30 + TIME(0, 15, 0) -> 0.33333333
B34: =B32 + TIME(0, 15, 0) -> 0.34375
... B70: =B68 + TIME(0, 15, 0) -> 0.53125
C76: Public Patrons | D76: User Group + Coaches | E76: Dry / Spectators | F76: Men's CR Check | G76: Women's CR Check | H76: Staff Initials
B78: 0.54166667
B80: =B78 + TIME(0, 15, 0) -> 0.55208333
B82: =B80 + TIME(0, 15, 0) -> 0.5625
B84: =B82 + TIME(0, 15, 0) -> 0.57291667
B86: =B84 + TIME(0, 15, 0) -> 0.58333333
B88: =B86 + TIME(0, 15, 0) -> 0.59375
B90: =B88 + TIME(0, 15, 0) -> 0.60416667
B92: =B90 + TIME(0, 15, 0) -> 0.61458333
B94: =B92 + TIME(0, 15, 0) -> 0.625
B96: =B94 + TIME(0, 15, 0) -> 0.63541667
B98: =B96 + TIME(0, 15, 0) -> 0.64583333
B100: =B98 + TIME(0, 15, 0) -> 0.65625
B102: =B100 + TIME(0, 15, 0) -> 0.66666667
... B148: =B146 + TIME(0, 15, 0) -> 0.90625

Sheet October 4
D3: DATE: | E3: 46299
C8: Public Patrons | D8: User Group + Coaches | E8: Dry / Spectators | F8: Men's CR Check | G8: Women's CR Check | H8: Staff Initials
B10: 0.21875
B12: =B10 + TIME(0, 15, 0) -> 0.22916667
B14: =B12 + TIME(0, 15, 0) -> 0.23958333
B16: =B14 + TIME(0, 15, 0) -> 0.25
B18: =B16 + TIME(0, 15, 0) -> 0.26041667
B20: =B18 + TIME(0, 15, 0) -> 0.27083333
B22: =B20 + TIME(0, 15, 0) -> 0.28125
B24: =B22 + TIME(0, 15, 0) -> 0.29166667
B26: =B24 + TIME(0, 15, 0) -> 0.30208333
B28: =B26 + TIME(0, 15, 0) -> 0.3125
B30: =B28 + TIME(0, 15, 0) -> 0.32291667
B32: =B30 + TIME(0, 15, 0) -> 0.33333333
B34: =B32 + TIME(0, 15, 0) -> 0.34375
... B70: =B68 + TIME(0, 15, 0) -> 0.53125
C76: Public Patrons | D76: User Group + Coaches | E76: Dry / Spectators | F76: Men's CR Check | G76: Women's CR Check | H76: Staff Initials
B78: 0.54166667
B80: =B78 + TIME(0, 15, 0) -> 0.55208333
B82: =B80 + TIME(0, 15, 0) -> 0.5625
B84: =B82 + TIME(0, 15, 0) -> 0.57291667
B86: =B84 + TIME(0, 15, 0) -> 0.58333333
B88: =B86 + TIME(0, 15, 0) -> 0.59375
B90: =B88 + TIME(0, 15, 0) -> 0.60416667
B92: =B90 + TIME(0, 15, 0) -> 0.61458333
B94: =B92 + TIME(0, 15, 0) -> 0.625
B96: =B94 + TIME(0, 15, 0) -> 0.63541667
B98: =B96 + TIME(0, 15, 0) -> 0.64583333
B100: =B98 + TIME(0, 15, 0) -> 0.65625
B102: =B100 + TIME(0, 15, 0) -> 0.66666667
... B148: =B146 + TIME(0, 15, 0) -> 0.90625

Sheet October 5
D3: DATE: | E3: 46300
C8: Public Patrons | D8: User Group + Coaches | E8: Dry / Spectators | F8: Men's CR Check | G8: Women's CR Check | H8: Staff Initials
B10: 0.21875
B12: =B10 + TIME(0, 15, 0) -> 0.22916667
B14: =B12 + TIME(0, 15, 0) -> 0.23958333
B16: =B14 + TIME(0, 15, 0) -> 0.25
B18: =B16 + TIME(0, 15, 0) -> 0.26041667
B20: =B18 + TIME(0, 15, 0) -> 0.27083333
B22: =B20 + TIME(0, 15, 0) -> 0.28125
B24: =B22 + TIME(0, 15, 0) -> 0.29166667
B26: =B24 + TIME(0, 15, 0) -> 0.30208333
B28: =B26 + TIME(0, 15, 0) -> 0.3125
B30: =B28 + TIME(0, 15, 0) -> 0.32291667
B32: =B30 + TIME(0, 15, 0) -> 0.33333333
B34: =B32 + TIME(0, 15, 0) -> 0.34375
... B70: =B68 + TIME(0, 15, 0) -> 0.53125
C76: Public Patrons | D76: User Group + Coaches | E76: Dry / Spectators | F76: Men's CR Check | G76: Women's CR Check | H76: Staff Initials
B78: 0.54166667
B80: =B78 + TIME(0, 15, 0) -> 0.55208333
B82: =B80 + TIME(0, 15, 0) -> 0.5625
B84: =B82 + TIME(0, 15, 0) -> 0.57291667
B86: =B84 + TIME(0, 15, 0) -> 0.58333333
B88: =B86 + TIME(0, 15, 0) -> 0.59375
B90: =B88 + TIME(0, 15, 0) -> 0.60416667
B92: =B90 + TIME(0, 15, 0) -> 0.61458333
B94: =B92 + TIME(0, 15, 0) -> 0.625
B96: =B94 + TIME(0, 15, 0) -> 0.63541667
B98: =B96 + TIME(0, 15, 0) -> 0.64583333
B100: =B98 + TIME(0, 15, 0) -> 0.65625
B102: =B100 + TIME(0, 15, 0) -> 0.66666667
... B148: =B146 + TIME(0, 15, 0) -> 0.90625

Sheet October 6
D3: DATE: | E3: 46301
C8: Public Patrons | D8: User Group + Coaches | E8: Dry / Spectators | F8: Men's CR Check | G8: Women's CR Check | H8: Staff Initials
B10: 0.21875
B12: =B10 + TIME(0, 15, 0) -> 0.22916667
B14: =B12 + TIME(0, 15, 0) -> 0.23958333
B16: =B14 + TIME(0, 15, 0) -> 0.25
B18: =B16 + TIME(0, 15, 0) -> 0.26041667
B20: =B18 + TIME(0, 15, 0) -> 0.27083333
B22: =B20 + TIME(0, 15, 0) -> 0.28125
B24: =B22 + TIME(0, 15, 0) -> 0.29166667
B26: =B24 + TIME(0, 15, 0) -> 0.30208333
B28: =B26 + TIME(0, 15, 0) -> 0.3125
B30: =B28 + TIME(0, 15, 0) -> 0.32291667
B32: =B30 + TIME(0, 15, 0) -> 0.33333333
B34: =B32 + TIME(0, 15, 0) -> 0.34375
... B70: =B68 + TIME(0, 15, 0) -> 0.53125
C76: Public Patrons | D76: User Group + Coaches | E76: Dry / Spectators | F76: Men's CR Check | G76: Women's CR Check | H76: Staff Initials
B78: 0.54166667
B80: =B78 + TIME(0, 15, 0) -> 0.55208333
B82: =B80 + TIME(0, 15, 0) -> 0.5625
B84: =B82 + TIME(0, 15, 0) -> 0.57291667
B86: =B84 + TIME(0, 15, 0) -> 0.58333333
B88: =B86 + TIME(0, 15, 0) -> 0.59375
B90: =B88 + TIME(0, 15, 0) -> 0.60416667
B92: =B90 + TIME(0, 15, 0) -> 0.61458333
B94: =B92 + TIME(0, 15, 0) -> 0.625
B96: =B94 + TIME(0, 15, 0) -> 0.63541667
B98: =B96 + TIME(0, 15, 0) -> 0.64583333
B100: =B98 + TIME(0, 15, 0) -> 0.65625
B102: =B100 + TIME(0, 15, 0) -> 0.66666667
... B148: =B146 + TIME(0, 15, 0) -> 0.90625

Sheet October 7
D3: DATE: | E3: 46302
C8: Public Patrons | D8: User Group + Coaches | E8: Dry / Spectators | F8: Men's CR Check | G8: Women's CR Check | H8: Staff Initials
B10: 0.21875
B12: =B10 + TIME(0, 15, 0) -> 0.22916667
B14: =B12 + TIME(0, 15, 0) -> 0.23958333
B16: =B14 + TIME(0, 15, 0) -> 0.25
B18: =B16 + TIME(0, 15, 0) -> 0.26041667
B20: =B18 + TIME(0, 15, 0) -> 0.27083333
B22: =B20 + TIME(0, 15, 0) -> 0.28125
B24: =B22 + TIME(0, 15, 0) -> 0.29166667
B26: =B24 + TIME(0, 15, 0) -> 0.30208333
B28: =B26 + TIME(0, 15, 0) -> 0.3125
B30: =B28 + TIME(0, 15, 0) -> 0.32291667
B32: =B30 + TIME(0, 15, 0) -> 0.33333333
B34: =B32 + TIME(0, 15, 0) -> 0.34375
... B70: =B68 + TIME(0, 15, 0) -> 0.53125
C76: Public Patrons | D76: User Group + Coaches | E76: Dry / Spectators | F76: Men's CR Check | G76: Women's CR Check | H76: Staff Initials
B78: 0.54166667
B80: =B78 + TIME(0, 15, 0) -> 0.55208333
B82: =B80 + TIME(0, 15, 0) -> 0.5625
B84: =B82 + TIME(0, 15, 0) -> 0.57291667
B86: =B84 + TIME(0, 15, 0) -> 0.58333333
B88: =B86 + TIME(0, 15, 0) -> 0.59375
B90: =B88 + TIME(0, 15, 0) -> 0.60416667
B92: =B90 + TIME(0, 15, 0) -> 0.61458333
B94: =B92 + TIME(0, 15, 0) -> 0.625
B96: =B94 + TIME(0, 15, 0) -> 0.63541667
B98: =B96 + TIME(0, 15, 0) -> 0.64583333
B100: =B98 + TIME(0, 15, 0) -> 0.65625
B102: =B100 + TIME(0, 15, 0) -> 0.66666667
... B148: =B146 + TIME(0, 15, 0) -> 0.90625

Sheet October 8
D3: DATE: | E3: 46303
C8: Public Patrons | D8: User Group + Coaches | E8: Dry / Spectators | F8: Men's CR Check | G8: Women's CR Check | H8: Staff Initials
B10: 0.21875
B12: =B10 + TIME(0, 15, 0) -> 0.22916667
B14: =B12 + TIME(0, 15, 0) -> 0.23958333
B16: =B14 + TIME(0, 15, 0) -> 0.25
B18: =B16 + TIME(0, 15, 0) -> 0.26041667
B20: =B18 + TIME(0, 15, 0) -> 0.27083333
B22: =B20 + TIME(0, 15, 0) -> 0.28125
B24: =B22 + TIME(0, 15, 0) -> 0.29166667
B26: =B24 + TIME(0, 15, 0) -> 0.30208333
B28: =B26 + TIME(0, 15, 0) -> 0.3125
B30: =B28 + TIME(0, 15, 0) -> 0.32291667
B32: =B30 + TIME(0, 15, 0) -> 0.33333333
B34: =B32 + TIME(0, 15, 0) -> 0.34375
... B70: =B68 + TIME(0, 15, 0) -> 0.53125
C76: Public Patrons | D76: User Group + Coaches | E76: Dry / Spectators | F76: Men's CR Check | G76: Women's CR Check | H76: Staff Initials
B78: 0.54166667
B80: =B78 + TIME(0, 15, 0) -> 0.55208333
B82: =B80 + TIME(0, 15, 0) -> 0.5625
B84: =B82 + TIME(0, 15, 0) -> 0.57291667
B86: =B84 + TIME(0, 15, 0) -> 0.58333333
B88: =B86 + TIME(0, 15, 0) -> 0.59375
B90: =B88 + TIME(0, 15, 0) -> 0.60416667
B92: =B90 + TIME(0, 15, 0) -> 0.61458333
B94: =B92 + TIME(0, 15, 0) -> 0.625
B96: =B94 + TIME(0, 15, 0) -> 0.63541667
B98: =B96 + TIME(0, 15, 0) -> 0.64583333
B100: =B98 + TIME(0, 15, 0) -> 0.65625
B102: =B100 + TIME(0, 15, 0) -> 0.66666667
... B148: =B146 + TIME(0, 15, 0) -> 0.90625

Sheet October 9
D3: DATE: | E3: 46304
C8: Public Patrons | D8: User Group + Coaches | E8: Dry / Spectators | F8: Men's CR Check | G8: Women's CR Check | H8: Staff Initials
B10: 0.21875 | C10: 0 | D10: 32
B12: =B10 + TIME(0, 15, 0) -> 0.22916667
B14: =B12 + TIME(0, 15, 0) -> 0.23958333
B16: =B14 + TIME(0, 15, 0) -> 0.25
B18: =B16 + TIME(0, 15, 0) -> 0.26041667
B20: =B18 + TIME(0, 15, 0) -> 0.27083333
B22: =B20 + TIME(0, 15, 0) -> 0.28125
B24: =B22 + TIME(0, 15, 0) -> 0.29166667
B26: =B24 + TIME(0, 15, 0) -> 0.30208333
B28: =B26 + TIME(0, 15, 0) -> 0.3125
B30: =B28 + TIME(0, 15, 0) -> 0.32291667
B32: =B30 + TIME(0, 15, 0) -> 0.33333333
B34: =B32 + TIME(0, 15, 0) -> 0.34375
... B68: =B66 + TIME(0, 15, 0) -> 0.52083333
B70: =B68 + TIME(0, 15, 0) -> 0.53125 | C70: 0 | D70: 32
C76: Public Patrons | D76: User Group + Coaches | E76: Dry / Spectators | F76: Men's CR Check | G76: Women's CR Check | H76: Staff Initials
B78: 0.54166667 | C78: 0 | D78: 32
B80: =B78 + TIME(0, 15, 0) -> 0.55208333
B82: =B80 + TIME(0, 15, 0) -> 0.5625
B84: =B82 + TIME(0, 15, 0) -> 0.57291667
B86: =B84 + TIME(0, 15, 0) -> 0.58333333
B88: =B86 + TIME(0, 15, 0) -> 0.59375
B90: =B88 + TIME(0, 15, 0) -> 0.60416667
B92: =B90 + TIME(0, 15, 0) -> 0.61458333
B94: =B92 + TIME(0, 15, 0) -> 0.625
B96: =B94 + TIME(0, 15, 0) -> 0.63541667
B98: =B96 + TIME(0, 15, 0) -> 0.64583333
B100: =B98 + TIME(0, 15, 0) -> 0.65625
B102: =B100 + TIME(0, 15, 0) -> 0.66666667
... B146: =B144 + TIME(0, 15, 0) -> 0.89583333
B148: =B146 + TIME(0, 15, 0) -> 0.90625 | C148: 0 | D148: 32

Sheet October 10
D3: DATE: | E3: 46305
C8: Public Patrons | D8: User Group + Coaches | E8: Dry / Spectators | F8: Men's CR Check | G8: Women's CR Check | H8: Staff Initials
B10: 0.21875
B12: =B10 + TIME(0, 15, 0) -> 0.22916667
B14: =B12 + TIME(0, 15, 0) -> 0.23958333
B16: =B14 + TIME(0, 15, 0) -> 0.25
B18: =B16 + TIME(0, 15, 0) -> 0.26041667
B20: =B18 + TIME(0, 15, 0) -> 0.27083333
B22: =B20 + TIME(0, 15, 0) -> 0.28125
B24: =B22 + TIME(0, 15, 0) -> 0.29166667
B26: =B24 + TIME(0, 15, 0) -> 0.30208333
B28: =B26 + TIME(0, 15, 0) -> 0.3125
B30: =B28 + TIME(0, 15, 0) -> 0.32291667
B32: =B30 + TIME(0, 15, 0) -> 0.33333333
B34: =B32 + TIME(0, 15, 0) -> 0.34375
... B70: =B68 + TIME(0, 15, 0) -> 0.53125
C76: Public Patrons | D76: User Group + Coaches | E76: Dry / Spectators | F76: Men's CR Check | G76: Women's CR Check | H76: Staff Initials
B78: 0.54166667
B80: =B78 + TIME(0, 15, 0) -> 0.55208333
B82: =B80 + TIME(0, 15, 0) -> 0.5625
B84: =B82 + TIME(0, 15, 0) -> 0.57291667
B86: =B84 + TIME(0, 15, 0) -> 0.58333333
B88: =B86 + TIME(0, 15, 0) -> 0.59375
B90: =B88 + TIME(0, 15, 0) -> 0.60416667
B92: =B90 + TIME(0, 15, 0) -> 0.61458333
B94: =B92 + TIME(0, 15, 0) -> 0.625
B96: =B94 + TIME(0, 15, 0) -> 0.63541667
B98: =B96 + TIME(0, 15, 0) -> 0.64583333
B100: =B98 + TIME(0, 15, 0) -> 0.65625
B102: =B100 + TIME(0, 15, 0) -> 0.66666667
... B148: =B146 + TIME(0, 15, 0) -> 0.90625

Sheet October 11
D3: DATE: | E3: 46306
C8: Public Patrons | D8: User Group + Coaches | E8: Dry / Spectators | F8: Men's CR Check | G8: Women's CR Check | H8: Staff Initials
B10: 0.21875
B12: =B10 + TIME(0, 15, 0) -> 0.22916667
B14: =B12 + TIME(0, 15, 0) -> 0.23958333
B16: =B14 + TIME(0, 15, 0) -> 0.25
B18: =B16 + TIME(0, 15, 0) -> 0.26041667
B20: =B18 + TIME(0, 15, 0) -> 0.27083333
B22: =B20 + TIME(0, 15, 0) -> 0.28125
B24: =B22 + TIME(0, 15, 0) -> 0.29166667
B26: =B24 + TIME(0, 15, 0) -> 0.30208333
B28: =B26 + TIME(0, 15, 0) -> 0.3125
B30: =B28 + TIME(0, 15, 0) -> 0.32291667
B32: =B30 + TIME(0, 15, 0) -> 0.33333333
B34: =B32 + TIME(0, 15, 0) -> 0.34375
... B70: =B68 + TIME(0, 15, 0) -> 0.53125
C76: Public Patrons | D76: User Group + Coaches | E76: Dry / Spectators | F76: Men's CR Check | G76: Women's CR Check | H76: Staff Initials
B78: 0.54166667
B80: =B78 + TIME(0, 15, 0) -> 0.55208333
B82: =B80 + TIME(0, 15, 0) -> 0.5625
B84: =B82 + TIME(0, 15, 0) -> 0.57291667
B86: =B84 + TIME(0, 15, 0) -> 0.58333333
B88: =B86 + TIME(0, 15, 0) -> 0.59375
B90: =B88 + TIME(0, 15, 0) -> 0.60416667
B92: =B90 + TIME(0, 15, 0) -> 0.61458333
B94: =B92 + TIME(0, 15, 0) -> 0.625
B96: =B94 + TIME(0, 15, 0) -> 0.63541667
B98: =B96 + TIME(0, 15, 0) -> 0.64583333
B100: =B98 + TIME(0, 15, 0) -> 0.65625
B102: =B100 + TIME(0, 15, 0) -> 0.66666667
... B148: =B146 + TIME(0, 15, 0) -> 0.90625

Sheet October 12
D3: DATE: | E3: 46307
C8: Public Patrons | D8: User Group + Coaches | E8: Dry / Spectators | F8: Men's CR Check | G8: Women's CR Check | H8: Staff Initials
B10: 0.21875
B12: =B10 + TIME(0, 15, 0) -> 0.22916667
B14: =B12 + TIME(0, 15, 0) -> 0.23958333
B16: =B14 + TIME(0, 15, 0) -> 0.25
B18: =B16 + TIME(0, 15, 0) -> 0.26041667
B20: =B18 + TIME(0, 15, 0) -> 0.27083333
B22: =B20 + TIME(0, 15, 0) -> 0.28125
B24: =B22 + TIME(0, 15, 0) -> 0.29166667
B26: =B24 + TIME(0, 15, 0) -> 0.30208333
B28: =B26 + TIME(0, 15, 0) -> 0.3125
B30: =B28 + TIME(0, 15, 0) -> 0.32291667
B32: =B30 + TIME(0, 15, 0) -> 0.33333333
B34: =B32 + TIME(0, 15, 0) -> 0.34375
... B70: =B68 + TIME(0, 15, 0) -> 0.53125
C76: Public Patrons | D76: User Group + Coaches | E76: Dry / Spectators | F76: Men's CR Check | G76: Women's CR Check | H76: Staff Initials
B78: 0.54166667
B80: =B78 + TIME(0, 15, 0) -> 0.55208333
B82: =B80 + TIME(0, 15, 0) -> 0.5625
B84: =B82 + TIME(0, 15, 0) -> 0.57291667
B86: =B84 + TIME(0, 15, 0) -> 0.58333333
B88: =B86 + TIME(0, 15, 0) -> 0.59375
B90: =B88 + TIME(0, 15, 0) -> 0.60416667
B92: =B90 + TIME(0, 15, 0) -> 0.61458333
B94: =B92 + TIME(0, 15, 0) -> 0.625
B96: =B94 + TIME(0, 15, 0) -> 0.63541667
B98: =B96 + TIME(0, 15, 0) -> 0.64583333
B100: =B98 + TIME(0, 15, 0) -> 0.65625
B102: =B100 + TIME(0, 15, 0) -> 0.66666667
... B148: =B146 + TIME(0, 15, 0) -> 0.90625

Sheet October 13
D3: DATE: | E3: 46308
C8: Public Patrons | D8: User Group + Coaches | E8: Dry / Spectators | F8: Men's CR Check | G8: Women's CR Check | H8: Staff Initials
B10: 0.21875
B12: =B10 + TIME(0, 15, 0) -> 0.22916667
B14: =B12 + TIME(0, 15, 0) -> 0.23958333
B16: =B14 + TIME(0, 15, 0) -> 0.25
B18: =B16 + TIME(0, 15, 0) -> 0.26041667
B20: =B18 + TIME(0, 15, 0) -> 0.27083333
B22: =B20 + TIME(0, 15, 0) -> 0.28125
B24: =B22 + TIME(0, 15, 0) -> 0.29166667
B26: =B24 + TIME(0, 15, 0) -> 0.30208333
B28: =B26 + TIME(0, 15, 0) -> 0.3125
B30: =B28 + TIME(0, 15, 0) -> 0.32291667
B32: =B30 + TIME(0, 15, 0) -> 0.33333333
B34: =B32 + TIME(0, 15, 0) -> 0.34375
... B70: =B68 + TIME(0, 15, 0) -> 0.53125
C76: Public Patrons | D76: User Group + Coaches | E76: Dry / Spectators | F76: Men's CR Check | G76: Women's CR Check | H76: Staff Initials
B78: 0.54166667
B80: =B78 + TIME(0, 15, 0) -> 0.55208333
B82: =B80 + TIME(0, 15, 0) -> 0.5625
B84: =B82 + TIME(0, 15, 0) -> 0.57291667
B86: =B84 + TIME(0, 15, 0) -> 0.58333333
B88: =B86 + TIME(0, 15, 0) -> 0.59375
B90: =B88 + TIME(0, 15, 0) -> 0.60416667
B92: =B90 + TIME(0, 15, 0) -> 0.61458333
B94: =B92 + TIME(0, 15, 0) -> 0.625
B96: =B94 + TIME(0, 15, 0) -> 0.63541667
B98: =B96 + TIME(0, 15, 0) -> 0.64583333
B100: =B98 + TIME(0, 15, 0) -> 0.65625
B102: =B100 + TIME(0, 15, 0) -> 0.66666667
... B148: =B146 + TIME(0, 15, 0) -> 0.90625

Sheet October 14
D3: DATE: | E3: 46309
C8: Public Patrons | D8: User Group + Coaches | E8: Dry / Spectators | F8: Men's CR Check | G8: Women's CR Check | H8: Staff Initials
B10: 0.21875
B12: =B10 + TIME(0, 15, 0) -> 0.22916667
B14: =B12 + TIME(0, 15, 0) -> 0.23958333
B16: =B14 + TIME(0, 15, 0) -> 0.25
B18: =B16 + TIME(0, 15, 0) -> 0.26041667
B20: =B18 + TIME(0, 15, 0) -> 0.27083333
B22: =B20 + TIME(0, 15, 0) -> 0.28125
B24: =B22 + TIME(0, 15, 0) -> 0.29166667
B26: =B24 + TIME(0, 15, 0) -> 0.30208333
B28: =B26 + TIME(0, 15, 0) -> 0.3125
B30: =B28 + TIME(0, 15, 0) -> 0.32291667
B32: =B30 + TIME(0, 15, 0) -> 0.33333333
B34: =B32 + TIME(0, 15, 0) -> 0.34375
... B70: =B68 + TIME(0, 15, 0) -> 0.53125
C76: Public Patrons | D76: User Group + Coaches | E76: Dry / Spectators | F76: Men's CR Check | G76: Women's CR Check | H76: Staff Initials
B78: 0.54166667
B80: =B78 + TIME(0, 15, 0) -> 0.55208333
B82: =B80 + TIME(0, 15, 0) -> 0.5625
B84: =B82 + TIME(0, 15, 0) -> 0.57291667
B86: =B84 + TIME(0, 15, 0) -> 0.58333333
B88: =B86 + TIME(0, 15, 0) -> 0.59375
B90: =B88 + TIME(0, 15, 0) -> 0.60416667
B92: =B90 + TIME(0, 15, 0) -> 0.61458333
B94: =B92 + TIME(0, 15, 0) -> 0.625
B96: =B94 + TIME(0, 15, 0) -> 0.63541667
B98: =B96 + TIME(0, 15, 0) -> 0.64583333
B100: =B98 + TIME(0, 15, 0) -> 0.65625
B102: =B100 + TIME(0, 15, 0) -> 0.66666667
... B148: =B146 + TIME(0, 15, 0) -> 0.90625

Sheet October 15
D3: DATE: | E3: 46310
C8: Public Patrons | D8: User Group + Coaches | E8: Dry / Spectators | F8: Men's CR Check | G8: Women's CR Check | H8: Staff Initials
B10: 0.21875
B12: =B10 + TIME(0, 15, 0) -> 0.22916667
B14: =B12 + TIME(0, 15, 0) -> 0.23958333
B16: =B14 + TIME(0, 15, 0) -> 0.25
B18: =B16 + TIME(0, 15, 0) -> 0.26041667
B20: =B18 + TIME(0, 15, 0) -> 0.27083333
B22: =B20 + TIME(0, 15, 0) -> 0.28125
B24: =B22 + TIME(0, 15, 0) -> 0.29166667
B26: =B24 + TIME(0, 15, 0) -> 0.30208333
B28: =B26 + TIME(0, 15, 0) -> 0.3125
B30: =B28 + TIME(0, 15, 0) -> 0.32291667
B32: =B30 + TIME(0, 15, 0) -> 0.33333333
B34: =B32 + TIME(0, 15, 0) -> 0.34375
... B70: =B68 + TIME(0, 15, 0) -> 0.53125
C76: Public Patrons | D76: User Group + Coaches | E76: Dry / Spectators | F76: Men's CR Check | G76: Women's CR Check | H76: Staff Initials
B78: 0.54166667
B80: =B78 + TIME(0, 15, 0) -> 0.55208333
B82: =B80 + TIME(0, 15, 0) -> 0.5625
B84: =B82 + TIME(0, 15, 0) -> 0.57291667
B86: =B84 + TIME(0, 15, 0) -> 0.58333333
B88: =B86 + TIME(0, 15, 0) -> 0.59375
B90: =B88 + TIME(0, 15, 0) -> 0.60416667
B92: =B90 + TIME(0, 15, 0) -> 0.61458333
B94: =B92 + TIME(0, 15, 0) -> 0.625
B96: =B94 + TIME(0, 15, 0) -> 0.63541667
B98: =B96 + TIME(0, 15, 0) -> 0.64583333
B100: =B98 + TIME(0, 15, 0) -> 0.65625
B102: =B100 + TIME(0, 15, 0) -> 0.66666667
... B148: =B146 + TIME(0, 15, 0) -> 0.90625

Sheet October 16
D3: DATE: | E3: 46311
C8: Public Patrons | D8: User Group + Coaches | E8: Dry / Spectators | F8: Men's CR Check | G8: Women's CR Check | H8: Staff Initials
B10: 0.21875
B12: =B10 + TIME(0, 15, 0) -> 0.22916667
B14: =B12 + TIME(0, 15, 0) -> 0.23958333
B16: =B14 + TIME(0, 15, 0) -> 0.25
B18: =B16 + TIME(0, 15, 0) -> 0.26041667
B20: =B18 + TIME(0, 15, 0) -> 0.27083333
B22: =B20 + TIME(0, 15, 0) -> 0.28125
B24: =B22 + TIME(0, 15, 0) -> 0.29166667
B26: =B24 + TIME(0, 15, 0) -> 0.30208333
B28: =B26 + TIME(0, 15, 0) -> 0.3125
B30: =B28 + TIME(0, 15, 0) -> 0.32291667
B32: =B30 + TIME(0, 15, 0) -> 0.33333333
B34: =B32 + TIME(0, 15, 0) -> 0.34375
... B70: =B68 + TIME(0, 15, 0) -> 0.53125
C76: Public Patrons | D76: User Group + Coaches | E76: Dry / Spectators | F76: Men's CR Check | G76: Women's CR Check | H76: Staff Initials
B78: 0.54166667
B80: =B78 + TIME(0, 15, 0) -> 0.55208333
B82: =B80 + TIME(0, 15, 0) -> 0.5625
B84: =B82 + TIME(0, 15, 0) -> 0.57291667
B86: =B84 + TIME(0, 15, 0) -> 0.58333333
B88: =B86 + TIME(0, 15, 0) -> 0.59375
B90: =B88 + TIME(0, 15, 0) -> 0.60416667
B92: =B90 + TIME(0, 15, 0) -> 0.61458333
B94: =B92 + TIME(0, 15, 0) -> 0.625
B96: =B94 + TIME(0, 15, 0) -> 0.63541667
B98: =B96 + TIME(0, 15, 0) -> 0.64583333
B100: =B98 + TIME(0, 15, 0) -> 0.65625
B102: =B100 + TIME(0, 15, 0) -> 0.66666667
... B148: =B146 + TIME(0, 15, 0) -> 0.90625

Sheet October 17
D3: DATE: | E3: 46312
C8: Public Patrons | D8: User Group + Coaches | E8: Dry / Spectators | F8: Men's CR Check | G8: Women's CR Check | H8: Staff Initials
B10: 0.21875
B12: =B10 + TIME(0, 15, 0) -> 0.22916667
B14: =B12 + TIME(0, 15, 0) -> 0.23958333
B16: =B14 + TIME(0, 15, 0) -> 0.25
B18: =B16 + TIME(0, 15, 0) -> 0.26041667
B20: =B18 + TIME(0, 15, 0) -> 0.27083333
B22: =B20 + TIME(0, 15, 0) -> 0.28125
B24: =B22 + TIME(0, 15, 0) -> 0.29166667
B26: =B24 + TIME(0, 15, 0) -> 0.30208333
B28: =B26 + TIME(0, 15, 0) -> 0.3125
B30: =B28 + TIME(0, 15, 0) -> 0.32291667
B32: =B30 + TIME(0, 15, 0) -> 0.33333333
B34: =B32 + TIME(0, 15, 0) -> 0.34375
... B70: =B68 + TIME(0, 15, 0) -> 0.53125
C76: Public Patrons | D76: User Group + Coaches | E76: Dry / Spectators | F76: Men's CR Check | G76: Women's CR Check | H76: Staff Initials
B78: 0.54166667
B80: =B78 + TIME(0, 15, 0) -> 0.55208333
B82: =B80 + TIME(0, 15, 0) -> 0.5625
B84: =B82 + TIME(0, 15, 0) -> 0.57291667
B86: =B84 + TIME(0, 15, 0) -> 0.58333333
B88: =B86 + TIME(0, 15, 0) -> 0.59375
B90: =B88 + TIME(0, 15, 0) -> 0.60416667
B92: =B90 + TIME(0, 15, 0) -> 0.61458333
B94: =B92 + TIME(0, 15, 0) -> 0.625
B96: =B94 + TIME(0, 15, 0) -> 0.63541667
B98: =B96 + TIME(0, 15, 0) -> 0.64583333
B100: =B98 + TIME(0, 15, 0) -> 0.65625
B102: =B100 + TIME(0, 15, 0) -> 0.66666667
... B148: =B146 + TIME(0, 15, 0) -> 0.90625

Sheet October 18
D3: DATE: | E3: 46313
C8: Public Patrons | D8: User Group + Coaches | E8: Dry / Spectators | F8: Men's CR Check | G8: Women's CR Check | H8: Staff Initials
B10: 0.21875
B12: =B10 + TIME(0, 15, 0) -> 0.22916667
B14: =B12 + TIME(0, 15, 0) -> 0.23958333
B16: =B14 + TIME(0, 15, 0) -> 0.25
B18: =B16 + TIME(0, 15, 0) -> 0.26041667
B20: =B18 + TIME(0, 15, 0) -> 0.27083333
B22: =B20 + TIME(0, 15, 0) -> 0.28125
B24: =B22 + TIME(0, 15, 0) -> 0.29166667
B26: =B24 + TIME(0, 15, 0) -> 0.30208333
B28: =B26 + TIME(0, 15, 0) -> 0.3125
B30: =B28 + TIME(0, 15, 0) -> 0.32291667
B32: =B30 + TIME(0, 15, 0) -> 0.33333333
B34: =B32 + TIME(0, 15, 0) -> 0.34375
... B70: =B68 + TIME(0, 15, 0) -> 0.53125
C76: Public Patrons | D76: User Group + Coaches | E76: Dry / Spectators | F76: Men's CR Check | G76: Women's CR Check | H76: Staff Initials
B78: 0.54166667
B80: =B78 + TIME(0, 15, 0) -> 0.55208333
B82: =B80 + TIME(0, 15, 0) -> 0.5625
B84: =B82 + TIME(0, 15, 0) -> 0.57291667
B86: =B84 + TIME(0, 15, 0) -> 0.58333333
B88: =B86 + TIME(0, 15, 0) -> 0.59375
B90: =B88 + TIME(0, 15, 0) -> 0.60416667
B92: =B90 + TIME(0, 15, 0) -> 0.61458333
B94: =B92 + TIME(0, 15, 0) -> 0.625
B96: =B94 + TIME(0, 15, 0) -> 0.63541667
B98: =B96 + TIME(0, 15, 0) -> 0.64583333
B100: =B98 + TIME(0, 15, 0) -> 0.65625
B102: =B100 + TIME(0, 15, 0) -> 0.66666667
... B148: =B146 + TIME(0, 15, 0) -> 0.90625

Sheet October 19
D3: DATE: | E3: 46314
C8: Public Patrons | D8: User Group + Coaches | E8: Dry / Spectators | F8: Men's CR Check | G8: Women's CR Check | H8: Staff Initials
B10: 0.21875
B12: =B10 + TIME(0, 15, 0) -> 0.22916667
B14: =B12 + TIME(0, 15, 0) -> 0.23958333
B16: =B14 + TIME(0, 15, 0) -> 0.25
B18: =B16 + TIME(0, 15, 0) -> 0.26041667
B20: =B18 + TIME(0, 15, 0) -> 0.27083333
B22: =B20 + TIME(0, 15, 0) -> 0.28125
B24: =B22 + TIME(0, 15, 0) -> 0.29166667
B26: =B24 + TIME(0, 15, 0) -> 0.30208333
B28: =B26 + TIME(0, 15, 0) -> 0.3125
B30: =B28 + TIME(0, 15, 0) -> 0.32291667
B32: =B30 + TIME(0, 15, 0) -> 0.33333333
B34: =B32 + TIME(0, 15, 0) -> 0.34375
... B70: =B68 + TIME(0, 15, 0) -> 0.53125
C76: Public Patrons | D76: User Group + Coaches | E76: Dry / Spectators | F76: Men's CR Check | G76: Women's CR Check | H76: Staff Initials
B78: 0.54166667
B80: =B78 + TIME(0, 15, 0) -> 0.55208333
B82: =B80 + TIME(0, 15, 0) -> 0.5625
B84: =B82 + TIME(0, 15, 0) -> 0.57291667
B86: =B84 + TIME(0, 15, 0) -> 0.58333333
B88: =B86 + TIME(0, 15, 0) -> 0.59375
B90: =B88 + TIME(0, 15, 0) -> 0.60416667
B92: =B90 + TIME(0, 15, 0) -> 0.61458333
B94: =B92 + TIME(0, 15, 0) -> 0.625
B96: =B94 + TIME(0, 15, 0) -> 0.63541667
B98: =B96 + TIME(0, 15, 0) -> 0.64583333
B100: =B98 + TIME(0, 15, 0) -> 0.65625
B102: =B100 + TIME(0, 15, 0) -> 0.66666667
... B148: =B146 + TIME(0, 15, 0) -> 0.90625

Sheet October 20
D3: DATE: | E3: 46315
C8: Public Patrons | D8: User Group + Coaches | E8: Dry / Spectators | F8: Men's CR Check | G8: Women's CR Check | H8: Staff Initials
B10: 0.21875
B12: =B10 + TIME(0, 15, 0) -> 0.22916667
B14: =B12 + TIME(0, 15, 0) -> 0.23958333
B16: =B14 + TIME(0, 15, 0) -> 0.25
B18: =B16 + TIME(0, 15, 0) -> 0.26041667
B20: =B18 + TIME(0, 15, 0) -> 0.27083333
B22: =B20 + TIME(0, 15, 0) -> 0.28125
B24: =B22 + TIME(0, 15, 0) -> 0.29166667
B26: =B24 + TIME(0, 15, 0) -> 0.30208333
B28: =B26 + TIME(0, 15, 0) -> 0.3125
B30: =B28 + TIME(0, 15, 0) -> 0.32291667
B32: =B30 + TIME(0, 15, 0) -> 0.33333333
B34: =B32 + TIME(0, 15, 0) -> 0.34375
... B70: =B68 + TIME(0, 15, 0) -> 0.53125
C76: Public Patrons | D76: User Group + Coaches | E76: Dry / Spectators | F76: Men's CR Check | G76: Women's CR Check | H76: Staff Initials
B78: 0.54166667
B80: =B78 + TIME(0, 15, 0) -> 0.55208333
B82: =B80 + TIME(0, 15, 0) -> 0.5625
B84: =B82 + TIME(0, 15, 0) -> 0.57291667
B86: =B84 + TIME(0, 15, 0) -> 0.58333333
B88: =B86 + TIME(0, 15, 0) -> 0.59375
B90: =B88 + TIME(0, 15, 0) -> 0.60416667
B92: =B90 + TIME(0, 15, 0) -> 0.61458333
B94: =B92 + TIME(0, 15, 0) -> 0.625
B96: =B94 + TIME(0, 15, 0) -> 0.63541667
B98: =B96 + TIME(0, 15, 0) -> 0.64583333
B100: =B98 + TIME(0, 15, 0) -> 0.65625
B102: =B100 + TIME(0, 15, 0) -> 0.66666667
... B148: =B146 + TIME(0, 15, 0) -> 0.90625

Sheet October 21
D3: DATE: | E3: 46316
C8: Public Patrons | D8: User Group + Coaches | E8: Dry / Spectators | F8: Men's CR Check | G8: Women's CR Check | H8: Staff Initials
B10: 0.21875
B12: =B10 + TIME(0, 15, 0) -> 0.22916667
B14: =B12 + TIME(0, 15, 0) -> 0.23958333
B16: =B14 + TIME(0, 15, 0) -> 0.25
B18: =B16 + TIME(0, 15, 0) -> 0.26041667
B20: =B18 + TIME(0, 15, 0) -> 0.27083333
B22: =B20 + TIME(0, 15, 0) -> 0.28125
B24: =B22 + TIME(0, 15, 0) -> 0.29166667
B26: =B24 + TIME(0, 15, 0) -> 0.30208333
B28: =B26 + TIME(0, 15, 0) -> 0.3125
B30: =B28 + TIME(0, 15, 0) -> 0.32291667
B32: =B30 + TIME(0, 15, 0) -> 0.33333333
B34: =B32 + TIME(0, 15, 0) -> 0.34375
... B70: =B68 + TIME(0, 15, 0) -> 0.53125
C76: Public Patrons | D76: User Group + Coaches | E76: Dry / Spectators | F76: Men's CR Check | G76: Women's CR Check | H76: Staff Initials
B78: 0.54166667
B80: =B78 + TIME(0, 15, 0) -> 0.55208333
B82: =B80 + TIME(0, 15, 0) -> 0.5625
B84: =B82 + TIME(0, 15, 0) -> 0.57291667
B86: =B84 + TIME(0, 15, 0) -> 0.58333333
B88: =B86 + TIME(0, 15, 0) -> 0.59375
B90: =B88 + TIME(0, 15, 0) -> 0.60416667
B92: =B90 + TIME(0, 15, 0) -> 0.61458333
B94: =B92 + TIME(0, 15, 0) -> 0.625
B96: =B94 + TIME(0, 15, 0) -> 0.63541667
B98: =B96 + TIME(0, 15, 0) -> 0.64583333
B100: =B98 + TIME(0, 15, 0) -> 0.65625
B102: =B100 + TIME(0, 15, 0) -> 0.66666667
... B148: =B146 + TIME(0, 15, 0) -> 0.90625

Sheet October 22
D3: DATE: | E3: 46317
C8: Public Patrons | D8: User Group + Coaches | E8: Dry / Spectators | F8: Men's CR Check | G8: Women's CR Check | H8: Staff Initials
B10: 0.21875
B12: =B10 + TIME(0, 15, 0) -> 0.22916667
B14: =B12 + TIME(0, 15, 0) -> 0.23958333
B16: =B14 + TIME(0, 15, 0) -> 0.25
B18: =B16 + TIME(0, 15, 0) -> 0.26041667
B20: =B18 + TIME(0, 15, 0) -> 0.27083333
B22: =B20 + TIME(0, 15, 0) -> 0.28125
B24: =B22 + TIME(0, 15, 0) -> 0.29166667
B26: =B24 + TIME(0, 15, 0) -> 0.30208333
B28: =B26 + TIME(0, 15, 0) -> 0.3125
B30: =B28 + TIME(0, 15, 0) -> 0.32291667
B32: =B30 + TIME(0, 15, 0) -> 0.33333333
B34: =B32 + TIME(0, 15, 0) -> 0.34375
... B70: =B68 + TIME(0, 15, 0) -> 0.53125
C76: Public Patrons | D76: User Group + Coaches | E76: Dry / Spectators | F76: Men's CR Check | G76: Women's CR Check | H76: Staff Initials
B78: 0.54166667
B80: =B78 + TIME(0, 15, 0) -> 0.55208333
B82: =B80 + TIME(0, 15, 0) -> 0.5625
B84: =B82 + TIME(0, 15, 0) -> 0.57291667
B86: =B84 + TIME(0, 15, 0) -> 0.58333333
B88: =B86 + TIME(0, 15, 0) -> 0.59375
B90: =B88 + TIME(0, 15, 0) -> 0.60416667
B92: =B90 + TIME(0, 15, 0) -> 0.61458333
B94: =B92 + TIME(0, 15, 0) -> 0.625
B96: =B94 + TIME(0, 15, 0) -> 0.63541667
B98: =B96 + TIME(0, 15, 0) -> 0.64583333
B100: =B98 + TIME(0, 15, 0) -> 0.65625
B102: =B100 + TIME(0, 15, 0) -> 0.66666667
... B148: =B146 + TIME(0, 15, 0) -> 0.90625

Sheet October 23
D3: DATE: | E3: 46318
C8: Public Patrons | D8: User Group + Coaches | E8: Dry / Spectators | F8: Men's CR Check | G8: Women's CR Check | H8: Staff Initials
B10: 0.21875
B12: =B10 + TIME(0, 15, 0) -> 0.22916667
B14: =B12 + TIME(0, 15, 0) -> 0.23958333
B16: =B14 + TIME(0, 15, 0) -> 0.25
B18: =B16 + TIME(0, 15, 0) -> 0.26041667
B20: =B18 + TIME(0, 15, 0) -> 0.27083333
B22: =B20 + TIME(0, 15, 0) -> 0.28125
B24: =B22 + TIME(0, 15, 0) -> 0.29166667
B26: =B24 + TIME(0, 15, 0) -> 0.30208333
B28: =B26 + TIME(0, 15, 0) -> 0.3125
B30: =B28 + TIME(0, 15, 0) -> 0.32291667
B32: =B30 + TIME(0, 15, 0) -> 0.33333333
B34: =B32 + TIME(0, 15, 0) -> 0.34375
... B70: =B68 + TIME(0, 15, 0) -> 0.53125
C76: Public Patrons | D76: User Group + Coaches | E76: Dry / Spectators | F76: Men's CR Check | G76: Women's CR Check | H76: Staff Initials
B78: 0.54166667
B80: =B78 + TIME(0, 15, 0) -> 0.55208333
B82: =B80 + TIME(0, 15, 0) -> 0.5625
B84: =B82 + TIME(0, 15, 0) -> 0.57291667
B86: =B84 + TIME(0, 15, 0) -> 0.58333333
B88: =B86 + TIME(0, 15, 0) -> 0.59375
B90: =B88 + TIME(0, 15, 0) -> 0.60416667
B92: =B90 + TIME(0, 15, 0) -> 0.61458333
B94: =B92 + TIME(0, 15, 0) -> 0.625
B96: =B94 + TIME(0, 15, 0) -> 0.63541667
B98: =B96 + TIME(0, 15, 0) -> 0.64583333
B100: =B98 + TIME(0, 15, 0) -> 0.65625
B102: =B100 + TIME(0, 15, 0) -> 0.66666667
... B148: =B146 + TIME(0, 15, 0) -> 0.90625

Sheet October 24
D3: DATE: | E3: 46319
C8: Public Patrons | D8: User Group + Coaches | E8: Dry / Spectators | F8: Men's CR Check | G8: Women's CR Check | H8: Staff Initials
B10: 0.21875
B12: =B10 + TIME(0, 15, 0) -> 0.22916667
B14: =B12 + TIME(0, 15, 0) -> 0.23958333
B16: =B14 + TIME(0, 15, 0) -> 0.25
B18: =B16 + TIME(0, 15, 0) -> 0.26041667
B20: =B18 + TIME(0, 15, 0) -> 0.27083333
B22: =B20 + TIME(0, 15, 0) -> 0.28125
B24: =B22 + TIME(0, 15, 0) -> 0.29166667
B26: =B24 + TIME(0, 15, 0) -> 0.30208333
B28: =B26 + TIME(0, 15, 0) -> 0.3125
B30: =B28 + TIME(0, 15, 0) -> 0.32291667
B32: =B30 + TIME(0, 15, 0) -> 0.33333333
B34: =B32 + TIME(0, 15, 0) -> 0.34375
... B70: =B68 + TIME(0, 15, 0) -> 0.53125
C76: Public Patrons | D76: User Group + Coaches | E76: Dry / Spectators | F76: Men's CR Check | G76: Women's CR Check | H76: Staff Initials
B78: 0.54166667
B80: =B78 + TIME(0, 15, 0) -> 0.55208333
B82: =B80 + TIME(0, 15, 0) -> 0.5625
B84: =B82 + TIME(0, 15, 0) -> 0.57291667
B86: =B84 + TIME(0, 15, 0) -> 0.58333333
B88: =B86 + TIME(0, 15, 0) -> 0.59375
B90: =B88 + TIME(0, 15, 0) -> 0.60416667
B92: =B90 + TIME(0, 15, 0) -> 0.61458333
B94: =B92 + TIME(0, 15, 0) -> 0.625
B96: =B94 + TIME(0, 15, 0) -> 0.63541667
B98: =B96 + TIME(0, 15, 0) -> 0.64583333
B100: =B98 + TIME(0, 15, 0) -> 0.65625
B102: =B100 + TIME(0, 15, 0) -> 0.66666667
... B148: =B146 + TIME(0, 15, 0) -> 0.90625

Sheet October 25
D3: DATE: | E3: 46320
C8: Public Patrons | D8: User Group + Coaches | E8: Dry / Spectators | F8: Men's CR Check | G8: Women's CR Check | H8: Staff Initials
B10: 0.21875
B12: =B10 + TIME(0, 15, 0) -> 0.22916667
B14: =B12 + TIME(0, 15, 0) -> 0.23958333
B16: =B14 + TIME(0, 15, 0) -> 0.25
B18: =B16 + TIME(0, 15, 0) -> 0.26041667
B20: =B18 + TIME(0, 15, 0) -> 0.27083333
B22: =B20 + TIME(0, 15, 0) -> 0.28125
B24: =B22 + TIME(0, 15, 0) -> 0.29166667
B26: =B24 + TIME(0, 15, 0) -> 0.30208333
B28: =B26 + TIME(0, 15, 0) -> 0.3125
B30: =B28 + TIME(0, 15, 0) -> 0.32291667
B32: =B30 + TIME(0, 15, 0) -> 0.33333333
B34: =B32 + TIME(0, 15, 0) -> 0.34375
... B70: =B68 + TIME(0, 15, 0) -> 0.53125
C76: Public Patrons | D76: User Group + Coaches | E76: Dry / Spectators | F76: Men's CR Check | G76: Women's CR Check | H76: Staff Initials
B78: 0.54166667
B80: =B78 + TIME(0, 15, 0) -> 0.55208333
B82: =B80 + TIME(0, 15, 0) -> 0.5625
B84: =B82 + TIME(0, 15, 0) -> 0.57291667
B86: =B84 + TIME(0, 15, 0) -> 0.58333333
B88: =B86 + TIME(0, 15, 0) -> 0.59375
B90: =B88 + TIME(0, 15, 0) -> 0.60416667
B92: =B90 + TIME(0, 15, 0) -> 0.61458333
B94: =B92 + TIME(0, 15, 0) -> 0.625
B96: =B94 + TIME(0, 15, 0) -> 0.63541667
B98: =B96 + TIME(0, 15, 0) -> 0.64583333
B100: =B98 + TIME(0, 15, 0) -> 0.65625
B102: =B100 + TIME(0, 15, 0) -> 0.66666667
... B148: =B146 + TIME(0, 15, 0) -> 0.90625

Sheet October 26
D3: DATE: | E3: 46321
C8: Public Patrons | D8: User Group + Coaches | E8: Dry / Spectators | F8: Men's CR Check | G8: Women's CR Check | H8: Staff Initials
B10: 0.21875
B12: =B10 + TIME(0, 15, 0) -> 0.22916667
B14: =B12 + TIME(0, 15, 0) -> 0.23958333
B16: =B14 + TIME(0, 15, 0) -> 0.25
B18: =B16 + TIME(0, 15, 0) -> 0.26041667
B20: =B18 + TIME(0, 15, 0) -> 0.27083333
B22: =B20 + TIME(0, 15, 0) -> 0.28125
B24: =B22 + TIME(0, 15, 0) -> 0.29166667
B26: =B24 + TIME(0, 15, 0) -> 0.30208333
B28: =B26 + TIME(0, 15, 0) -> 0.3125
B30: =B28 + TIME(0, 15, 0) -> 0.32291667
B32: =B30 + TIME(0, 15, 0) -> 0.33333333
B34: =B32 + TIME(0, 15, 0) -> 0.34375
... B70: =B68 + TIME(0, 15, 0) -> 0.53125
C76: Public Patrons | D76: User Group + Coaches | E76: Dry / Spectators | F76: Men's CR Check | G76: Women's CR Check | H76: Staff Initials
B78: 0.54166667
B80: =B78 + TIME(0, 15, 0) -> 0.55208333
B82: =B80 + TIME(0, 15, 0) -> 0.5625
B84: =B82 + TIME(0, 15, 0) -> 0.57291667
B86: =B84 + TIME(0, 15, 0) -> 0.58333333
B88: =B86 + TIME(0, 15, 0) -> 0.59375
B90: =B88 + TIME(0, 15, 0) -> 0.60416667
B92: =B90 + TIME(0, 15, 0) -> 0.61458333
B94: =B92 + TIME(0, 15, 0) -> 0.625
B96: =B94 + TIME(0, 15, 0) -> 0.63541667
B98: =B96 + TIME(0, 15, 0) -> 0.64583333
B100: =B98 + TIME(0, 15, 0) -> 0.65625
B102: =B100 + TIME(0, 15, 0) -> 0.66666667
... B148: =B146 + TIME(0, 15, 0) -> 0.90625

Sheet October 27
D3: DATE: | E3: 46322
C8: Public Patrons | D8: User Group + Coaches | E8: Dry / Spectators | F8: Men's CR Check | G8: Women's CR Check | H8: Staff Initials
B10: 0.21875
B12: =B10 + TIME(0, 15, 0) -> 0.22916667
B14: =B12 + TIME(0, 15, 0) -> 0.23958333
B16: =B14 + TIME(0, 15, 0) -> 0.25
B18: =B16 + TIME(0, 15, 0) -> 0.26041667
B20: =B18 + TIME(0, 15, 0) -> 0.27083333
B22: =B20 + TIME(0, 15, 0) -> 0.28125
B24: =B22 + TIME(0, 15, 0) -> 0.29166667
B26: =B24 + TIME(0, 15, 0) -> 0.30208333
B28: =B26 + TIME(0, 15, 0) -> 0.3125
B30: =B28 + TIME(0, 15, 0) -> 0.32291667
B32: =B30 + TIME(0, 15, 0) -> 0.33333333
B34: =B32 + TIME(0, 15, 0) -> 0.34375
... B70: =B68 + TIME(0, 15, 0) -> 0.53125
C76: Public Patrons | D76: User Group + Coaches | E76: Dry / Spectators | F76: Men's CR Check | G76: Women's CR Check | H76: Staff Initials
B78: 0.54166667
B80: =B78 + TIME(0, 15, 0) -> 0.55208333
B82: =B80 + TIME(0, 15, 0) -> 0.5625
B84: =B82 + TIME(0, 15, 0) -> 0.57291667
B86: =B84 + TIME(0, 15, 0) -> 0.58333333
B88: =B86 + TIME(0, 15, 0) -> 0.59375
B90: =B88 + TIME(0, 15, 0) -> 0.60416667
B92: =B90 + TIME(0, 15, 0) -> 0.61458333
B94: =B92 + TIME(0, 15, 0) -> 0.625
B96: =B94 + TIME(0, 15, 0) -> 0.63541667
B98: =B96 + TIME(0, 15, 0) -> 0.64583333
B100: =B98 + TIME(0, 15, 0) -> 0.65625
B102: =B100 + TIME(0, 15, 0) -> 0.66666667
... B148: =B146 + TIME(0, 15, 0) -> 0.90625

Sheet October 28
D3: DATE: | E3: 46323
C8: Public Patrons | D8: User Group + Coaches | E8: Dry / Spectators | F8: Men's CR Check | G8: Women's CR Check | H8: Staff Initials
B10: 0.21875
B12: =B10 + TIME(0, 15, 0) -> 0.22916667
B14: =B12 + TIME(0, 15, 0) -> 0.23958333
B16: =B14 + TIME(0, 15, 0) -> 0.25
B18: =B16 + TIME(0, 15, 0) -> 0.26041667
B20: =B18 + TIME(0, 15, 0) -> 0.27083333
B22: =B20 + TIME(0, 15, 0) -> 0.28125
B24: =B22 + TIME(0, 15, 0) -> 0.29166667
B26: =B24 + TIME(0, 15, 0) -> 0.30208333
B28: =B26 + TIME(0, 15, 0) -> 0.3125
B30: =B28 + TIME(0, 15, 0) -> 0.32291667
B32: =B30 + TIME(0, 15, 0) -> 0.33333333
B34: =B32 + TIME(0, 15, 0) -> 0.34375
... B70: =B68 + TIME(0, 15, 0) -> 0.53125
C76: Public Patrons | D76: User Group + Coaches | E76: Dry / Spectators | F76: Men's CR Check | G76: Women's CR Check | H76: Staff Initials
B78: 0.54166667
B80: =B78 + TIME(0, 15, 0) -> 0.55208333
B82: =B80 + TIME(0, 15, 0) -> 0.5625
B84: =B82 + TIME(0, 15, 0) -> 0.57291667
B86: =B84 + TIME(0, 15, 0) -> 0.58333333
B88: =B86 + TIME(0, 15, 0) -> 0.59375
B90: =B88 + TIME(0, 15, 0) -> 0.60416667
B92: =B90 + TIME(0, 15, 0) -> 0.61458333
B94: =B92 + TIME(0, 15, 0) -> 0.625
B96: =B94 + TIME(0, 15, 0) -> 0.63541667
B98: =B96 + TIME(0, 15, 0) -> 0.64583333
B100: =B98 + TIME(0, 15, 0) -> 0.65625
B102: =B100 + TIME(0, 15, 0) -> 0.66666667
... B148: =B146 + TIME(0, 15, 0) -> 0.90625

Sheet October 29
D3: DATE: | E3: 46324
C8: Public Patrons | D8: User Group + Coaches | E8: Dry / Spectators | F8: Men's CR Check | G8: Women's CR Check | H8: Staff Initials
B10: 0.21875
B12: =B10 + TIME(0, 15, 0) -> 0.22916667
B14: =B12 + TIME(0, 15, 0) -> 0.23958333
B16: =B14 + TIME(0, 15, 0) -> 0.25
B18: =B16 + TIME(0, 15, 0) -> 0.26041667
B20: =B18 + TIME(0, 15, 0) -> 0.27083333
B22: =B20 + TIME(0, 15, 0) -> 0.28125
B24: =B22 + TIME(0, 15, 0) -> 0.29166667
B26: =B24 + TIME(0, 15, 0) -> 0.30208333
B28: =B26 + TIME(0, 15, 0) -> 0.3125
B30: =B28 + TIME(0, 15, 0) -> 0.32291667
B32: =B30 + TIME(0, 15, 0) -> 0.33333333
B34: =B32 + TIME(0, 15, 0) -> 0.34375
... B70: =B68 + TIME(0, 15, 0) -> 0.53125
C76: Public Patrons | D76: User Group + Coaches | E76: Dry / Spectators | F76: Men's CR Check | G76: Women's CR Check | H76: Staff Initials
B78: 0.54166667
B80: =B78 + TIME(0, 15, 0) -> 0.55208333
B82: =B80 + TIME(0, 15, 0) -> 0.5625
B84: =B82 + TIME(0, 15, 0) -> 0.57291667
B86: =B84 + TIME(0, 15, 0) -> 0.58333333
B88: =B86 + TIME(0, 15, 0) -> 0.59375
B90: =B88 + TIME(0, 15, 0) -> 0.60416667
B92: =B90 + TIME(0, 15, 0) -> 0.61458333
B94: =B92 + TIME(0, 15, 0) -> 0.625
B96: =B94 + TIME(0, 15, 0) -> 0.63541667
B98: =B96 + TIME(0, 15, 0) -> 0.64583333
B100: =B98 + TIME(0, 15, 0) -> 0.65625
B102: =B100 + TIME(0, 15, 0) -> 0.66666667
... B148: =B146 + TIME(0, 15, 0) -> 0.90625

Sheet October 30
D3: DATE: | E3: 46325
C8: Public Patrons | D8: User Group + Coaches | E8: Dry / Spectators | F8: Men's CR Check | G8: Women's CR Check | H8: Staff Initials
B10: 0.21875
B12: =B10 + TIME(0, 15, 0) -> 0.22916667
B14: =B12 + TIME(0, 15, 0) -> 0.23958333
B16: =B14 + TIME(0, 15, 0) -> 0.25
B18: =B16 + TIME(0, 15, 0) -> 0.26041667
B20: =B18 + TIME(0, 15, 0) -> 0.27083333
B22: =B20 + TIME(0, 15, 0) -> 0.28125
B24: =B22 + TIME(0, 15, 0) -> 0.29166667
B26: =B24 + TIME(0, 15, 0) -> 0.30208333
B28: =B26 + TIME(0, 15, 0) -> 0.3125
B30: =B28 + TIME(0, 15, 0) -> 0.32291667
B32: =B30 + TIME(0, 15, 0) -> 0.33333333
B34: =B32 + TIME(0, 15, 0) -> 0.34375
... B70: =B68 + TIME(0, 15, 0) -> 0.53125
C76: Public Patrons | D76: User Group + Coaches | E76: Dry / Spectators | F76: Men's CR Check | G76: Women's CR Check | H76: Staff Initials
B78: 0.54166667
B80: =B78 + TIME(0, 15, 0) -> 0.55208333
B82: =B80 + TIME(0, 15, 0) -> 0.5625
B84: =B82 + TIME(0, 15, 0) -> 0.57291667
B86: =B84 + TIME(0, 15, 0) -> 0.58333333
B88: =B86 + TIME(0, 15, 0) -> 0.59375
B90: =B88 + TIME(0, 15, 0) -> 0.60416667
B92: =B90 + TIME(0, 15, 0) -> 0.61458333
B94: =B92 + TIME(0, 15, 0) -> 0.625
B96: =B94 + TIME(0, 15, 0) -> 0.63541667
B98: =B96 + TIME(0, 15, 0) -> 0.64583333
B100: =B98 + TIME(0, 15, 0) -> 0.65625
B102: =B100 + TIME(0, 15, 0) -> 0.66666667
... B148: =B146 + TIME(0, 15, 0) -> 0.90625

Sheet October 31
D3: DATE: | E3: 46326
C8: Public Patrons | D8: User Group + Coaches | E8: Dry / Spectators | F8: Men's CR Check | G8: Women's CR Check | H8: Staff Initials
B10: 0.21875
B12: =B10 + TIME(0, 15, 0) -> 0.22916667
B14: =B12 + TIME(0, 15, 0) -> 0.23958333
B16: =B14 + TIME(0, 15, 0) -> 0.25
B18: =B16 + TIME(0, 15, 0) -> 0.26041667
B20: =B18 + TIME(0, 15, 0) -> 0.27083333
B22: =B20 + TIME(0, 15, 0) -> 0.28125
B24: =B22 + TIME(0, 15, 0) -> 0.29166667
B26: =B24 + TIME(0, 15, 0) -> 0.30208333
B28: =B26 + TIME(0, 15, 0) -> 0.3125
B30: =B28 + TIME(0, 15, 0) -> 0.32291667
B32: =B30 + TIME(0, 15, 0) -> 0.33333333
B34: =B32 + TIME(0, 15, 0) -> 0.34375
... B70: =B68 + TIME(0, 15, 0) -> 0.53125
C76: Public Patrons | D76: User Group + Coaches | E76: Dry / Spectators | F76: Men's CR Check | G76: Women's CR Check | H76: Staff Initials
B78: 0.54166667
B80: =B78 + TIME(0, 15, 0) -> 0.55208333
B82: =B80 + TIME(0, 15, 0) -> 0.5625
B84: =B82 + TIME(0, 15, 0) -> 0.57291667
B86: =B84 + TIME(0, 15, 0) -> 0.58333333
B88: =B86 + TIME(0, 15, 0) -> 0.59375
B90: =B88 + TIME(0, 15, 0) -> 0.60416667
B92: =B90 + TIME(0, 15, 0) -> 0.61458333
B94: =B92 + TIME(0, 15, 0) -> 0.625
B96: =B94 + TIME(0, 15, 0) -> 0.63541667
B98: =B96 + TIME(0, 15, 0) -> 0.64583333
B100: =B98 + TIME(0, 15, 0) -> 0.65625
B102: =B100 + TIME(0, 15, 0) -> 0.66666667
... B148: =B146 + TIME(0, 15, 0) -> 0.90625

Sheet Boundary B
D3: DATE:
C8: Public Patrons | D8: User Group + Coaches | E8: Dry / Spectators | F8: Men's CR Check | G8: Women's CR Check | H8: Staff Initials
B10: 0.21875
B12: =B10 + TIME(0, 15, 0) -> 0.22916667
B14: =B12 + TIME(0, 15, 0) -> 0.23958333
B16: =B14 + TIME(0, 15, 0) -> 0.25
B18: =B16 + TIME(0, 15, 0) -> 0.26041667
B20: =B18 + TIME(0, 15, 0) -> 0.27083333
B22: =B20 + TIME(0, 15, 0) -> 0.28125
B24: =B22 + TIME(0, 15, 0) -> 0.29166667
B26: =B24 + TIME(0, 15, 0) -> 0.30208333
B28: =B26 + TIME(0, 15, 0) -> 0.3125
B30: =B28 + TIME(0, 15, 0) -> 0.32291667
B32: =B30 + TIME(0, 15, 0) -> 0.33333333
B34: =B32 + TIME(0, 15, 0) -> 0.34375
... B70: =B68 + TIME(0, 15, 0) -> 0.53125
C76: Public Patrons | D76: User Group + Coaches | E76: Dry / Spectators | F76: Men's CR Check | G76: Women's CR Check | H76: Staff Initials
B78: 0.54166667
B80: =B78 + TIME(0, 15, 0) -> 0.55208333
B82: =B80 + TIME(0, 15, 0) -> 0.5625
B84: =B82 + TIME(0, 15, 0) -> 0.57291667
B86: =B84 + TIME(0, 15, 0) -> 0.58333333
B88: =B86 + TIME(0, 15, 0) -> 0.59375
B90: =B88 + TIME(0, 15, 0) -> 0.60416667
B92: =B90 + TIME(0, 15, 0) -> 0.61458333
B94: =B92 + TIME(0, 15, 0) -> 0.625
B96: =B94 + TIME(0, 15, 0) -> 0.63541667
B98: =B96 + TIME(0, 15, 0) -> 0.64583333
B100: =B98 + TIME(0, 15, 0) -> 0.65625
B102: =B100 + TIME(0, 15, 0) -> 0.66666667
... B148: =B146 + TIME(0, 15, 0) -> 0.90625

Sheet IMPORT REPORT
A1: POOL IMPORT REPORT | B1: NEEDS REVIEW
A2: Revision | B2: 1
A3: Recalculation | B3: Open in Excel/LibreOffice; cached MASTER values not calculated
A4: Meaning | B4: MASTER averages individual time-slot counts; blanks excluded, zeros included
A5: Missing day | B5: 2026-10-01 | C5: Needs coverage acknowledgement
A6: Missing day | B6: 2026-10-02 | C6: Needs coverage acknowledgement
A7: Missing day | B7: 2026-10-03 | C7: Needs coverage acknowledgement
A8: Missing day | B8: 2026-10-04 | C8: Needs coverage acknowledgement
A9: Missing day | B9: 2026-10-05 | C9: Needs coverage acknowledgement
A10: Missing day | B10: 2026-10-06 | C10: Needs coverage acknowledgement
A11: Missing day | B11: 2026-10-07 | C11: Needs coverage acknowledgement
A12: Missing day | B12: 2026-10-08 | C12: Needs coverage acknowledgement
A13: Missing day | B13: 2026-10-10 | C13: Needs coverage acknowledgement
A14: Missing day | B14: 2026-10-11 | C14: Needs coverage acknowledgement
A15: Missing day | B15: 2026-10-12 | C15: Needs coverage acknowledgement
A16: Missing day | B16: 2026-10-13 | C16: Needs coverage acknowledgement
... A34: Missing day | B34: 2026-10-31 | C34: Needs coverage acknowledgement
A35: Unobserved cells | B35: 2026-10-09 | C35: 189 | D35: Needs coverage acknowledgement
A36: Source | B36: SYNTHETIC VALIDATION ONLY - not recognized handwriting | C36: test fixture | D36: 2026-10-09 | E36: synthetic
A37: Expected average | B37: 05:15 | C37: public | D37: 0.0
A38: Expected average | B38: 05:15 | C38: group | D38: 32.0
A39: Expected average | B39: 12:45 | C39: public | D39: 0.0
A40: Expected average | B40: 12:45 | C40: group | D40: 32.0
A41: Expected average | B41: 13:00 | C41: public | D41: 0.0
A42: Expected average | B42: 13:00 | C42: group | D42: 32.0
A43: Expected average | B43: 21:45 | C43: public | D43: 0.0
A44: Expected average | B44: 21:45 | C44: group | D44: 32.0
